<?xml version="1.0" encoding="UTF-8"?>
<!DOCTYPE mapper PUBLIC "-//mybatis.org//DTD Mapper 3.0//EN"
"http://mybatis.org/dtd/mybatis-3-mapper.dtd">

<mapper namespace="com.tour.increpas.package.tour.mapper">

	<resultMap type="NoticeBoardVO" id="NoticeBoard_resmap">
		<id property="n_board_idx" column="n_board_idx" />
		<result property="n_board_title" column="n_board_title" />
		<result property="n_board_contents" column="n_board_contents" />
		<result property="n_board_regDate" column="n_board_regDate" />
		<result property="n_board_views" column="n_board_views" />
		<result property="n_board_file" column="n_board_file" />
		<result property="n_board_writer" column="n_board_writer" />
	</resultMap>

	<!-- 공지사항 게시판 불러오기 -->
	<select id="noticeBoardList" resultType="NoticeBoardVO" parameterType="hashmap">
		select
		n_board_idx,
		n_board_title,
		n_board_contents,
		n_board_regDate,
		n_board_views,
		n_board_file,
		n_board_writer
		from noticeBoard
		<where>
			<if test="category == 'n_board_idx'">
				n_board_idx LIKE CONCAT('%', #{keyword}, '%')
			</if>
			<if test="category == 'n_board_title'">
				n_board_title LIKE CONCAT('%', #{keyword}, '%')
			</if>
			<if test="category == 'n_board_contents'">
				n_board_contents LIKE CONCAT('%', #{keyword}, '%')
			</if>
		</where>
		order by n_board_idx desc
		LIMIT #{startRow}, #{num}
	</select>
	
	<select id="getNoticeBoardCount" resultType="int">
		select count(*) 
		from noticeBoard
		<where>
			<if test="category == 'n_board_idx'">
				n_board_idx LIKE CONCAT('%', #{keyword}, '%')
			</if>
			<if test="category == 'n_board_title'">
				n_board_title LIKE CONCAT('%', #{keyword}, '%')
			</if>
			<if test="category == 'n_board_contents'">
				n_board_contents LIKE CONCAT('%', #{keyword}, '%')
			</if>
		</where>
	</select>

	<!-- 공지사항 게시판 작성하기 -->
	<insert id="insertNoticeBoard" parameterType="NoticeBoardVO" useGeneratedKeys="true">
		INSERT INTO noticeBoard(n_board_title, n_board_contents, n_board_regDate, n_board_views, n_board_file, n_board_writer)
		VALUES(#{n_board_title}, #{n_board_contents}, now(), 0, #{n_board_file}, "관리자")
	</insert>
	
	<!-- 공지사항 게시판 삭제하기 -->
	<delete id="deleteNoticeBoard">
		delete from noticeBoard where n_board_idx = #{n_board_idx}
	</delete>
	
	<!-- 공지사항 게시판 자세히보기  -->
	<select id="noticeBoardDetail" resultType="NoticeBoardVO" resultMap="NoticeBoard_resmap">
		select 
		*
		from noticeBoard
		where n_board_idx = #{n_board_idx}
	</select>
	
	<!-- 공지사항 게시판 수정하기 -->
	<update id="updateNoticeBoard" parameterType="NoticeBoardVO">
		update noticeBoard 
		set n_board_title = #{n_board_title}, 
		n_board_contents = #{n_board_contents}, 
		n_board_file = #{n_board_file}
		where n_board_idx = #{n_board_idx}
	</update>
</mapper>