<?xml version="1.0" encoding="UTF-8" ?>
<beans:beans xmlns="http://www.springframework.org/schema/mvc"
	xmlns:xsi="http://www.w3.org/2001/XMLSchema-instance"
	xmlns:beans="http://www.springframework.org/schema/beans"
	xmlns:context="http://www.springframework.org/schema/context"
	xmlns:p="http://www.springframework.org/schema/p"
	xsi:schemaLocation="http://www.springframework.org/schema/mvc
		http://www.springframework.org/schema/mvc/spring-mvc.xsd
		http://www.springframework.org/schema/beans 
		http://www.springframework.org/schema/beans/spring-beans.xsd
		http://www.springframework.org/schema/context 
		http://www.springframework.org/schema/context/spring-context.xsd">

	<!-- DispatcherServlet Context: defines this servlet's request-processing infrastructure -->
	<!-- Enables the Spring MVC @Controller programming model -->
	<annotation-driven />

	<!-- 리소스경로위치! 바뀌면 변경해주세요 -->
	<resources mapping="/resources/**" location="/resources/" />

	<!-- 뷰리졸버 -->
	<beans:bean
		class="org.springframework.web.servlet.view.InternalResourceViewResolver">
		<beans:property name="prefix" value="/WEB-INF/views/" />
		<beans:property name="suffix" value=".jsp" />
	</beans:bean>

	<!-- 어노테이션 적용범위 -->
	<context:component-scan
		base-package="com.tour.increpas.*" />

	<!-- 
		선생님 boardList
		<view-controller path="/" view-name="redirect/main"/>
		<view-controller path="/index" redirect-url="/main"/>
		<view-controller path="/default" redirect-url="/main"/>
	 -->
	<view-controller path="loginForm" view-name="loginForm" />
	<view-controller path="/boardwrite" view-name="writeForm" />
	<view-controller path="/eventpage" view-name="eventForm" />
	<view-controller path="/domesticTravel" view-name="domesticTravel" />
	<view-controller path="/eventpage" view-name="eventForm" />
	<view-controller path="/writeFormMulti" view-name="writeFormMulti" />
	<view-controller path="/main" view-name="main" />
	<view-controller path="/joinForm" view-name="member/memberJoinForm" />
	<view-controller path="/startPage" view-name="startpage" />
	<view-controller path="/intro" view-name="intro" />
	<view-controller path="/insertNoticeBoard" view-name="board/insertNoticeBoard" />
	<view-controller path="/insertOversea" view-name="oversea/insertOversea" />
	
	<!-- <view-controller path="/activetab" view-name="tab01" /> -->
	

	<!-- 인터셉터 필요한 곳 맵핑해주세요 -->
	<beans:bean id="loginCheckInterceptor" class="com.tour.increpas.interceptor.LoginCheckInterceptor" />
	<interceptors>
		<interceptor>
			<mapping path="/board1" />
			<mapping path="/board2" />
			<mapping path="/board3" />
			<mapping path="/board4" />
			<mapping path="/update" />
			<mapping path="/memberUpdate" />
			<beans:ref bean="loginCheckInterceptor" />
		</interceptor>
	</interceptors>
</beans:beans>