<beans xmlns="http://www.springframework.org/schema/beans"
	xmlns:xsi="http://www.w3.org/2001/XMLSchema-instance"
	xmlns:c="http://www.springframework.org/schema/c"
	xmlns:p="http://www.springframework.org/schema/p"
	xmlns:tx="http://www.springframework.org/schema/tx"
	xsi:schemaLocation="http://www.springframework.org/schema/beans
	https://www.springframework.org/schema/beans/spring-beans.xsd
	http://www.springframework.org/schema/tx 
	http://www.springframework.org/schema/tx/spring-tx-4.2.xsd">
	<!-- 에러 해결  -->
	<!-- Root Context: defines shared resources visible to all other web components -->
	<bean id="dataSource"
		class="org.springframework.jdbc.datasource.DriverManagerDataSource">
		<property name="driverClassName" value="com.mysql.jdbc.Driver" />
		<property name="url" value="jdbc:mysql://127.0.0.1:3306/increpastour?useSSL=false&amp;useUnicode=true&amp;characterEncoding=utf8"/>
		<property name="username" value="root" />
		<property name="password" value="12345678" />
	</bean>
	
	<bean id="sqlSessionFactory" class="org.mybatis.spring.SqlSessionFactoryBean">
		<property name="dataSource" ref="dataSource"/>
		<property name="mapperLocations" value="classpath:sql/**/*Mapper.xml" />
		<property name="typeAliasesPackage" value="com.tour.increpas.vo" />
	</bean>
	
	<bean id="sqlSessionTemplate" class="org.mybatis.spring.SqlSessionTemplate"
	 	c:sqlSessionFactory-ref="sqlSessionFactory"/>
	
	<bean id="transactionManager" class="org.springframework.jdbc.datasource.DataSourceTransactionManager"
		p:dataSource-ref="dataSource"/>
	
	<tx:annotation-driven transaction-manager="transactionManager"/>
	
	<!--트랜젝션 필요한걸로 선언 했음 필요없으면 주석처리 or "0" <-변경  -->
	<bean id="transactionTemplate" class="org.springframework.transaction.support.TransactionTemplate"
		p:transactionManager-ref="transactionManager"
		p:propagationBehavior="0"/>
	
	<!-- 넘어오는 파라미터,데이터값을 사용할수있게해주는 라이브러리 -->
	<bean id="multipartResolver" class="org.springframework.web.multipart.commons.CommonsMultipartResolver"/>
</beans>